№,название,источник,карточка referest,сайт/страница,форма,стоп-признаки,тип брака,баллы рубрики /12,одна студия /5,идея интересности,контрольный вопрос
1,Contented — «не учим / учим»,referest,https://referest.ru/screens/contented-6,https://contented.ru/corporativnoye-obuchenye,Две колонки или карточки,нет,не брак,9,4.5,"вся разница держится на типографике: нет ни карточек, ни цвета, только ✕ и ✓ в конце линейки","Не относится: шаблон 1: сторон не две одинаковые карточки, а две подписи на волоске, без «VS» и светофора. Совпадает по формам: шапка как у zeeframes: H2 строчными слева, приглушённый абзац справа по верхнему краю; подписи сторон крупно на волоске, пункты на тире без плашек"
2,Tsaplin — «Преимущества перед другими курсами»,referest,https://referest.ru/screens/tsaplin-online,https://tsaplin.online,Две колонки или карточки,нет,не брак,8,4,"плохая сторона — фон секции, хорошая поднимается белой карточкой; пятый пункт выцветает","Не относится: шаблон 1 и 5: без крестиков и красного, выделение поверхностью; похоже на zeeframes нумерацией 01 и спокойной типографикой. Совпадает по формам: нумерация 01–05 как в строках «Six reasons», серая приглушённая карточка против белой, скругление ~16 px, гротеск строчными"
3,VI-media — «By Yourself / With Us»,referest,https://referest.ru/screens/vimedia-pro-en,https://vimedia.pro/en,Две колонки или карточки,нет,не брак,8,4,"разный масштаб сторон: шесть шагов «сами» против одного шага «с нами», сверху часы 36,5 ↔ 2","Не относится: шаблон 1: списки разной длины и цифры вместо ✓/✕; по формам — бенто-половинки с волосками. Совпадает по формам: тёмная секция, крупный H2 строчными, текстовые табы с линией-индикатором как якорные табы zeeframes, две половины одного контейнера"
4,"Wavespace — «In-house hire, freelancer, or Wavespace?»",интернет,,https://wavespace.webflow.io/,Две колонки или карточки,нет,не брак,10,5,"дизайн-агентство против «традиционного агентства» — ровно наш сюжет, и никаких карточек: две колонки на фоне секции","Не относится: шаблон 1: нет рамок и VS, иерархия «тезис → пояснение», как в строках /about. Совпадает по формам: eyebrow «/ THE HONEST TRADE-OFF», H2 слева и абзац справа, пункт = жирный тезис + приглушённое пояснение, тонкие ✓ и ✕"
5,Evoke — «The Evoke® Way / The Old Way»,интернет,,https://evoke-agency.framer.website/,Две колонки или карточки,нет,не брак,8,4.5,"смелая композиция: белая карточка выше и ярче, тёмная «старый способ» сдвинута вниз и тонет в фоне","Не относится: шаблон 1: карточки разного веса и высоты; бенто-ячейка с пустым полем и текстом внизу — прямо из /services. Совпадает по формам: контрастная белая ячейка в тёмной секции — как белая CTA-карточка в бенто zeeframes; заголовок сверху, пункты прижаты к низу карточки"
6,Genesy — «Two ways this goes. We have seen both.»,интернет,,https://genesy.framer.website/,Две колонки или карточки,нет,не брак,9,4.5,"стороны стоят одна над другой: сначала пять «без нас», под ними пять «с нами» — читается как история","Не относится: шаблон 1: не колонки рядом, а стопка списков с капс-подписями; двухколоночная шапка и строки — язык /about. Совпадает по формам: eyebrow с номером секции «/ 006 /», H2 и абзац слева, контурная пилюля-кнопка, справа строки на волосках"
7,Gilan — «Here’s why we stand apart from the rest»,интернет,,https://gilan.framer.website/,Две колонки или карточки,нет,не брак,9,4.5,"хорошая сторона — контрастная ячейка внутри одной рамки, как CTA-ячейка бенто","Не относится: шаблон 1 и 2: одна общая рамка вместо двух карточек и VS, иерархия пункт → пояснение. Совпадает по формам: склеенный контейнер из двух ячеек, одна залита акцентом; пункт = заголовок + приглушённое пояснение"
8,autr — «Other agencies / Working with autr»,интернет,,https://autr-ai.framer.website/,Две колонки или карточки,нет,не брак,8,4.5,"стороны подписаны огромным капсом, а пункты — тихие строки на линейках: контраст масштаба","Не относится: шаблон 1: без значков вообще; устройство ячейки — как карточки «What’s included». Совпадает по формам: белая и чёрная половины одного бенто, крупный заголовок сверху, большое пустое поле, текст и строки с волосками прижаты к низу"
9,FlowPilot — «Manual work is quietly killing your momentum»,интернет,,https://flow-pilot.framer.website/,Две колонки или карточки,нет,не брак,9,4.5,"та же иконка-в-плашке, что в карточках zeeframes, становится подписью стороны","Не относится: шаблон 1: две карточки, но без VS и светофора, подписи — иконка + текст как в бенто. Совпадает по формам: eyebrow-пилюля, иконка в маленьком квадрате ~32 px с заливкой 10 % в шапке каждой карточки, белая и чёрная карточки с радиусом 14 px"
10,OFFSET354 — «A different approach to digital design»,интернет,,https://offset354.framer.website/,Две колонки или карточки,нет,не брак,8,4.5,"дизайн-студия против «Other Agencies»; плохая сторона отмечена спокойным «—», а не красным ✕","Не относится: шаблон 1: без VS и красного; студийная тема и крупная типографика. Совпадает по формам: крупный текст пунктов 18–20 px, белая и чёрная карточки 24 px радиуса, маркеры-плашки"
11,Adverix — «Why leading teams always choose Adverix»,интернет,,https://adverix.framer.website/,Две колонки или карточки,нет,не брак,8,4,"чипы у «Other Agencies» бледнеют к краям, у Adverix чёткие на тёмной карточке","Не относится: шаблон 1: пункты не списком с ✓/✕, а чипами; чипы — родной контрол zeeframes. Совпадает по формам: eyebrow-пилюля, пункты — контурные чипы-пилюли, как фильтр-чипы на /work"
12,CoachVerse — «Without / With CoachVerse»,интернет,,https://coachverse.framer.website/,Две колонки или карточки,нет,не брак,8,4,"разный вес сторон: «без» — голый список на фоне, «с» — поднятая карточка","Не относится: шаблон 1: у плохой стороны нет карточки вообще, выделение поверхностью. Совпадает по формам: тёмная секция, eyebrow-пилюля COMPARISON, карточка с тонкой рамкой и волосками между пунктами"
13,Cushion — «Discord vs Cushion»,интернет,,https://cushion.so/discord-alternative/,Две колонки или карточки,нет,не брак,8,4,наложение: карточка Cushion лежит поверх карточки Discord и выше неё,"Не относится: шаблон 1: карточки не стоят рядом ровно, одна перекрывает другую; ссылка на гайд над блоком не брать. Совпадает по формам: светлая секция, белая карточка 20 px радиуса с чёрной пилюлей-кнопкой, гротеск строчными"
14,Trafflane — «Structural Differences»,referest,https://referest.ru/screens/trafflane-5,https://trafflane.com/,Строки-пары,нет,не брак,9,4.5,"каждая строка — пара по одному критерию, а подписи критериев вынесены за карточки","Не относится: шаблон 1: не две одинаковые карточки, а общие строки; критерий → минус → плюс, как «01 / название / описание». Совпадает по формам: eyebrow-пилюля, строки с волосками, капс-надстрочники слева (INCENTIVE, STRUCTURE…), тёмная карточка-герой"
15,Звонок — «Классический робот / Голосовой робот»,referest,https://referest.ru/screens/zvonok-7,https://zvonok.com/,Строки-пары,нет,не брак,8,4,"критерий слева соединяет обе стороны в строку; ✦ — те же звёздочки, что в чек-листах zeeframes","Не относится: шаблон 1: без ✓/✕ и красного; выделение тонкой рамкой, маркеры ✦. Совпадает по формам: H2 слева, критерии строками с волосками, маркеры ✦, одна карточка с акцентной рамкой"
16,Formio — «From chaos to clarity»,referest,https://referest.ru/screens/formio-1,https://www.formiodesign.com/,Строки-пары,нет,не брак,8,4,"в каждой ячейке проблема сверху, «SOLUTION» снизу: пары живут внутри одной карточки","Не относится: шаблон 3 и 1: не инфографика, а бенто; декор — тот же стеклянный объект, что у zeeframes. Совпадает по формам: тёмное бенто, склеенные ячейки, контрастная CTA-ячейка, стеклянный 3D-пузырь — как на главной zeeframes"
17,Agnos — «Other agencies / Agnos agency»,интернет,,https://agnos-wbs.framer.website/,Строки-пары,нет,не брак,9,4.5,"пары стоят строго напротив: «Slow, unclear timelines» ↔ «Clear weekly updates»","Не относится: шаблон 1: без ✓/✕ — стрелочки-шевроны, выделение колонкой; строки как на /about. Совпадает по формам: крупные строки 20 px на волосках, одна колонка залита акцентом, подпись сторон как заголовок столбца"
18,Lumivest — «Education That Delivers Results»,интернет,,https://lumivest.framer.website/,Строки-пары,нет,не брак,8,4.5,"каждая строка — антоним: Deep Understanding ↔ Surface Knowledge, связь видна без значков","Не относится: шаблон 2: не прайс-матрица — шесть строк, крупный шрифт; композиция «шапка слева, таблица справа» как у zeeframes. Совпадает по формам: eyebrow и H2 слева, справа пары строками, полосатость едва заметна, крупный текст"
19,Unmade — «What makes Unmade better?»,интернет,,https://www.unmade.com/why-unmade,Строки-пары,нет,не брак,9,4.5,отметка стоит между «альтернативой» и «Unmade» — как стрелка превращения одного в другое; левая сторона приглушена,"Не относится: шаблон 2: волоски вместо сетки, нет полос и мелкого текста; одна жёлтая точка-акцент — ровно язык zeeframes. Совпадает по формам: капс-eyebrow, H2 слева, строки во всю ширину на волосках, акцентный кружок-отметка ровно на стыке сторон"
20,Panoptive — «Reconstruction → Continuous record»,интернет,,https://www.panoptive.com/,Строки-пары,нет,не брак,8,4.5,"плохая сторона выцветает: и заголовок «Reconstruction», и её строки почти прозрачны","Не относится: шаблон 1: без красного; превращение показано стрелкой в каждой строке. Совпадает по формам: белые карточки-строки справа, кружок со стрелкой между сторонами — как круглая кнопка ↗ в списках zeeframes"
21,AlphaOS — «AI coding shouldn’t cost this much»,интернет,,https://alphaos.framer.website/,Строки-пары,нет,не брак,8,4,"пара «старое → новое» внутри одной строки: серый текст слева, стрелка, чёрный справа","Не относится: шаблон 1: вместо двух карточек — одна строка-превращение; кремовый фон и белая карточка — светлые секции zeeframes. Совпадает по формам: одна белая карточка на кремовом фоне, строки на волосках, пилюля-кнопка со стрелкой"
22,Riviera — «Guests don’t wait. They just leave.»,интернет,,https://www.withriviera.com/,Строки-пары,нет,не брак,8,4,"пара привязана к ситуации: у каждой карточки время и сцена, под ней «без» и «с»","Не относится: шаблон 1: не колонки, а четыре сцены-пары в бенто; подписи сторон — капс-надстрочники. Совпадает по формам: капс-eyebrow, белые карточки 12 px на кремовом, капс-надстрочники WITHOUT / WITH внутри карточки"
23,Jimini Health — «With / Without Jimini»,referest,https://referest.ru/screens/jimini-health-1,https://jiminihealth.com/,Таблица-матрица,нет,не брак,8,4,"в строках жирным выделено главное слово, остальное приглушено — таблица читается как список","Не относится: шаблон 2: пять строк, крупный текст, без полос; шапка слева — как у секций zeeframes. Совпадает по формам: H2 строчными слева, пилюля-кнопка со стрелкой, справа светлая матрица с тонкими линиями, пять строк"
24,Bloome — «Why People Choose US?»,интернет,,https://bloomeskincare.framer.website/,Таблица-матрица,нет,не брак,9,4.5,"матрица выглядит как спокойный список: у «others» бледный кружок, у своих — один акцентный","Не относится: шаблон 2: всего четыре строки и волоски; точечный акцент — как лаймовый у zeeframes. Совпадает по формам: eyebrow-пилюля, четыре строки крупным текстом 18 px, колонка героя тонированной подложкой, радиус 16 px"
25,Kyzen — «From manual marketing to AI-powered growth»,интернет,,https://kyzen.framer.website/,Таблица-матрица,нет,не брак,8,4.5,короткие ответы («2–3 weeks» ↔ «1–2 days») вместо галочек: разница в цифрах,"Не относится: шаблон 2: четыре строки, свободно; колонка-герой — контрастная ячейка, как CTA в бенто. Совпадает по формам: eyebrow-пилюля слева, H2 справа во второй колонке, названия строк приглушённым мелким текстом, чёрная колонка-герой"
26,Alkera — «Generic agent / Alkera»,интернет,,https://alkera.ai/,Таблица-матрица,нет,не брак,8,4,"матрица без названий строк: пары ставятся друг против друга, одна вертикальная линия делит стороны","Не относится: шаблон 2: пять строк, волоски, ни одной полосы; ✕/✓ серые, не красно-зелёные. Совпадает по формам: белая карточка 16 px, капс-подписи сторон, строки на волосках, крупный текст 18 px, тонкие ✕ и ✓"
27,Ergo — «What teams stop guessing about.»,интернет,,https://ergo-dev.webflow.io/product/meeting-recording,Таблица-матрица,нет,не брак,8,4,ответы — фразы без значков: «What one PM heard» ↔ «Aggregated requests across every conversation»,"Не относится: шаблон 2: пять строк, текст вместо ✓/✕; рамки 1 px — как карточки FAQ. Совпадает по формам: H2 строчными, колонка критериев слева, две высокие карточки с тонкой рамкой и скруглением"
28,Forja — «Us vs the rest»,интернет,,https://breezy-behaviors-584817.framer.app/,Таблица-матрица,нет,не брак,8,4,"плохая сторона — голый текст на фоне, хорошая — тонированные строки с уголками-скобками","Не относится: шаблон 2: пять строк с двумя уровнями текста, не прайс; «+» — иконка раскрытия FAQ zeeframes. Совпадает по формам: контурный бейдж-eyebrow, пункт = тезис + приглушённое пояснение, строки с «+» в конце — как пункты FAQ"
29,NeuralOS — «The old vs. the intelligent way»,интернет,,https://neural-os.framer.website/,Таблица-матрица,нет,не брак,8,4,светлая колонка «NeuralOS» врезана в тёмную таблицу — контраст одной ячейки,"Не относится: шаблон 2: шесть строк, волоски; выделение поверхностью, не цветом. Совпадает по формам: тёмная матрица со светлой колонкой-героем — белая ячейка внутри тёмной сетки, как CTA в бенто"
30,GutGutGoose — «vs. generic probiotics»,интернет,,https://gutgutgoose.com/,Таблица-матрица,нет,не брак,8,4,"колонка героя подсвечена мягкой плашкой по всей высоте, чужая колонка приглушена","Не относится: шаблон 2: шесть строк, свободно; скруглённая тёмная секция-карточка — как тёмные блоки zeeframes. Совпадает по формам: тёмная скруглённая секция-карточка, тонированная колонка-герой, волоски, тонкие ✓ и ✕"
запас,Awen — «Traditional AI tools / Awen»,интернет,,https://www.awen.ai/,запас,,,7,3.5,"чисто и крупно, но это стандартные белая и чёрная карточки без своей идеи",
запас,Exion — «Built to stand apart from the rest»,интернет,,https://exion.framer.website/,запас,,,7,3.5,"шапка H2 слева + абзац справа как у zeeframes, но сами карточки — шаблон «Other tools / мы»",
запас,Settle — «The old way / The Settle way»,интернет,,https://settle.co/,запас,,,7,3.5,"маркеры − и + как в FAQ zeeframes, но скриншоты-иллюстрации сверху карточек перегружают",
запас,CareMind — «The old way / The CareMind way»,интернет,,https://caremind.framer.website/,запас,,,7,3.5,фото-карточка героя и серифный H2 уводят от zeeframes,
запас,Valist — чипы «хаос / порядок»,интернет,,https://valist.framer.website/,запас,,,6,3.5,"сильная идея: чипы у чужих рассыпаны, у своих собраны; но размытое фото и игрушечные наклоны",
запас,Fade — «Comparison Table»,интернет,,https://fade-template.framer.website/,запас,,,7,3.5,"маркеры ✦ и волоски как у zeeframes, но у «Fade» две колонки против одной у «Others» и мелкий текст",
запас,Pace — «Old vs New»,интернет,,https://withpace.com/,запас,,,7,3.5,"строки-пары с приглушённой стороной Traditional BPO; кадр из галереи Saaspo, живой блок уже изменён",
запас,Zyner — «Why Growth Teams Choose Us»,интернет,,https://zyner.io/,запас,,,7,3.5,"иконки в плашках и шапка как у zeeframes, но на стороне «они» лишние табы-контролы",
запас,MagicBell — «From Zero to Magic in an hour»,referest,https://referest.ru/screens/magicbell,https://www.magicbell.com/,запас,,,7,3.5,"строки-пары с эхом глагола («Customize the design» ↔ «Customize…»), но тёмно-синяя палитра и иконки-клипарт",
запас,OhhMyDesign — «Same brief. Different studio.»,интернет,,https://ohhmydesign.com/,запас,,,7,3.5,"дизайн-студия, блок оформлен как холст Figma с рамкой выделения; рукописный eyebrow и метафора-интерфейс",
